METERHEAD,R_MF_9A_6P,R_MF_6P_10,R_SA_9A_6P,R_SA_6P_10,R_SU_9A_6P,R_SU_6P_10,RATE_MISC,TIMEINEFFE,T_MF_9A_6P,T_MF_6P_10,T_SA_9A_6P,T_SA_6P_10,T_SU_9A_6P,T_SU_6P_10,TIME_MISC,CREDITCARD,PAY_PHONE,Geom,Geo Local Area,METERID,geo_point_2d
Pay Station,$1.00,$1.00,$1.00,$1.00,$1.00,$1.00,$1.00,METER IN EFFECT: 9:00 AM TO 10:00 PM,2 Hr,4 Hr,2 Hr,4 Hr,2 Hr,4 Hr,13 Hrs,Yes,59945,"{""coordinates"": [-123.10651410105437, 49.26883378006674], ""type"": ""Point""}",Mount Pleasant,761804,"49.26883378006674, -123.10651410105437"
Pay Station,$2.00,$1.00,$2.00,$1.00,$2.00,$1.00,$1.00,METER IN EFFECT: 9:00 AM TO 10:00 PM,2 Hr,4 Hr,2 Hr,4 Hr,2 Hr,4 Hr,13 Hrs,Yes,50030,"{""coordinates"": [-123.10933997630968, 49.26871497649197], ""type"": ""Point""}",Mount Pleasant,521810,"49.26871497649197, -123.10933997630968"
Pay Station,$2.00,$1.00,$2.00,$1.00,$2.00,$1.00,$1.00,METER IN EFFECT: 9:00 AM TO 10:00 PM,2 Hr,4 Hr,2 Hr,4 Hr,2 Hr,4 Hr,13 Hrs,Yes,50757,"{""coordinates"": [-123.10139406040383, 49.26817000733011], ""type"": ""Point""}",Mount Pleasant,A30116,"49.26817000733011, -123.10139406040383"
Pay Station,$2.00,$1.00,$2.00,$1.00,$2.00,$1.00,$1.00,METER IN EFFECT: 9:00 AM TO 10:00 PM,2 Hr,4 Hr,2 Hr,4 Hr,2 Hr,4 Hr,13 Hrs,Yes,50158,"{""coordinates"": [-123.1112470069986, 49.267449960294115], ""type"": ""Point""}",Mount Pleasant,B40320,"49.267449960294115, -123.1112470069986"
Pay Station,$3.00,$1.00,$3.00,$1.00,$3.00,$1.00,$1.50,METER IN EFFECT: 9:00 AM TO 10:00 PM,2 Hr,4 Hr,2 Hr,4 Hr,2 Hr,4 Hr,13 Hrs,Yes,57091,"{""coordinates"": [-123.15497397721086, 49.232945966745646], ""type"": ""Point""}",Kerrisdale,EB5818,"49.232945966745646, -123.15497397721086"
Pay Station,$1.00,$1.00,$1.00,$1.00,$1.00,$1.00,$0.50,METER IN EFFECT: 9:00 AM TO 10:00 PM,2 Hr,4 Hr,2 Hr,4 Hr,2 Hr,4 Hr,13 Hrs,Yes,59810,"{""coordinates"": [-123.05851383326026, 49.28124620889672], ""type"": ""Point""}",Grandview-Woodland,072231,"49.28124620889672, -123.05851383326026"
Pay Station,$1.00,$1.00,$1.00,$1.00,$1.00,$1.00,$0.50,METER IN EFFECT: 9:00 AM TO 10:00 PM,2 Hr,4 Hr,2 Hr,4 Hr,2 Hr,4 Hr,13 Hrs,Yes,59815,"{""coordinates"": [-123.05749635884833, 49.28123772447557], ""type"": ""Point""}",Grandview-Woodland,072305,"49.28123772447557, -123.05749635884833"
Pay Station,$11.00,$4.00,$11.00,$4.00,$11.00,$4.00,$5.00,METER IN EFFECT: 9:00 AM TO 10:00 PM,2 Hr,4 Hr,2 Hr,4 Hr,2 Hr,4 Hr,13 Hrs,Yes,66602,"{""coordinates"": [-123.12017305075493, 49.285843445293835], ""type"": ""Point""}",Downtown,101014,"49.285843445293835, -123.12017305075493"
Pay Station,$1.00,$1.00,$1.00,$1.00,$1.00,$1.00,$0.50,METER IN EFFECT: 9:00 AM TO 10:00 PM,2 Hr,4 Hr,2 Hr,4 Hr,2 Hr,4 Hr,2 Hr,Yes,59813,"{""coordinates"": [-123.05790233106386, 49.28151119101056], ""type"": ""Point""}",Grandview-Woodland,GD0317,"49.28151119101056, -123.05790233106386"
Pay Station,$1.00,$1.00,$1.00,$1.00,$1.00,$1.00,$0.50,METER IN EFFECT: 9:00 AM TO 10:00 PM,2 Hr,4 Hr,2 Hr,4 Hr,2 Hr,4 Hr,2 Hr,Yes,59814,"{""coordinates"": [-123.05774972843665, 49.28149117215399], ""type"": ""Point""}",Grandview-Woodland,GD0314,"49.28149117215399, -123.05774972843665"
Pay Station,$1.00,$1.00,$1.00,$1.00,$1.00,$1.00,$0.50,METER IN EFFECT: 9:00 AM TO 10:00 PM,2 Hr,4 Hr,2 Hr,4 Hr,2 Hr,4 Hr,2 Hr,Yes,59824,"{""coordinates"": [-123.05791784837773, 49.28087208491275], ""type"": ""Point""}",Grandview-Woodland,GD0405,"49.28087208491275, -123.05791784837773"
Pay Station,$1.00,$1.00,$1.00,$1.00,$1.00,$1.00,$0.50,METER IN EFFECT: 9:00 AM TO 10:00 PM,2 Hr,4 Hr,2 Hr,4 Hr,2 Hr,4 Hr,2 Hr,Yes,59823,"{""coordinates"": [-123.0577550001375, 49.2808719595333], ""type"": ""Point""}",Grandview-Woodland,GD0406,"49.2808719595333, -123.0577550001375"
Pay Station,$1.00,$1.00,$1.00,$1.00,$1.00,$1.00,$0.50,METER IN EFFECT: 9:00 AM TO 10:00 PM,10 Hrs,10 Hrs,10 Hrs,10 Hrs,10 Hrs,10 Hrs,13 Hrs,Yes,59837,"{""coordinates"": [-123.0927466536023, 49.266890994663214], ""type"": ""Point""}",Strathcona,GN0525,"49.266890994663214, -123.0927466536023"
Pay Station,$1.00,$1.00,$1.00,$1.00,$1.00,$1.00,$0.50,METER IN EFFECT: 9:00 AM TO 10:00 PM,10 Hrs,10 Hrs,10 Hrs,10 Hrs,10 Hrs,10 Hrs,13 Hrs,Yes,59837,"{""coordinates"": [-123.09182968954376, 49.26689124133452], ""type"": ""Point""}",Strathcona,GN0535,"49.26689124133452, -123.09182968954376"
Pay Station,$1.00,$1.00,$1.00,$1.00,$1.00,$1.00,$0.50,METER IN EFFECT: 9:00 AM TO 10:00 PM,2 Hr,4 Hr,2 Hr,4 Hr,2 Hr,4 Hr,2 Hr,Yes,59968,"{""coordinates"": [-123.09472882232834, 49.26807977528027], ""type"": ""Point""}",Strathcona,TH1817,"49.26807977528027, -123.09472882232834"
Pay Station,$1.00,$1.00,$1.00,$1.00,$1.00,$1.00,$0.50,METER IN EFFECT: 9:00 AM TO 10:00 PM,2 Hr,4 Hr,2 Hr,4 Hr,2 Hr,4 Hr,13 Hrs,Yes,67822,"{""coordinates"": [-123.13567993670524, 49.28337601056842], ""type"": ""Point""}",West End,161325,"49.28337601056842, -123.13567993670524"
Pay Station,$1.00,$1.00,$1.00,$1.00,$1.00,$1.00,$0.50,METER IN EFFECT: 9:00 AM TO 10:00 PM,2 Hr,4 Hr,2 Hr,4 Hr,2 Hr,30 min,13 Hrs,Yes,54361,"{""coordinates"": [-123.15441801910711, 49.248570011252575], ""type"": ""Point""}",Arbutus Ridge,LB2115,"49.248570011252575, -123.15441801910711"
Pay Station,$1.00,$1.00,$1.00,$1.00,$1.00,$1.00,$0.50,METER IN EFFECT: 9:00 AM TO 10:00 PM,2 Hr,4 Hr,2 Hr,4 Hr,2 Hr,4 Hr,13 Hrs,Yes,50953,"{""coordinates"": [-123.1544160395143, 49.24846396011186], ""type"": ""Point""}",Arbutus Ridge,LB2118,"49.24846396011186, -123.1544160395143"
Pay Station,$4.00,$3.00,$4.00,$3.00,$4.00,$3.00,$2.00,METER IN EFFECT: 9:00 AM TO 10:00 PM,2 Hr,4 Hr,2 Hr,4 Hr,2 Hr,4 Hr,13 Hrs,Yes,67804,"{""coordinates"": [-123.10640797983922, 49.2827910437042], ""type"": ""Point""}",Downtown,040032,"49.2827910437042, -123.10640797983922"
Pay Station,$1.00,$1.00,$1.00,$1.00,$1.00,$1.00,$0.50,METER IN EFFECT: 9:00 AM TO 10:00 PM,2 Hr,4 Hr,4 Hr,4 Hr,4 Hr,4 Hr,13 Hrs,Yes,67619,"{""coordinates"": [-123.11391135175944, 49.28136216674627], ""type"": ""Point""}",Downtown,580612,"49.28136216674627, -123.11391135175944"
Single,$2.00,$2.00,$2.00,$2.00,$2.00,$2.00,$0.50,METER IN EFFECT: 9:00 AM TO 10:00 PM,3 Hr,4 Hr,3 Hr,4 Hr,3 Hr,4 Hr,13 Hrs,No,51070,"{""coordinates"": [-123.17389032115639, 49.26452885716032], ""type"": ""Point""}",Kitsilano,8M2414,"49.26452885716032, -123.17389032115639"
Pay Station,$2.00,$1.00,$2.00,$1.00,$2.00,$1.00,$1.00,METER IN EFFECT: 9:00 AM TO 10:00 PM,26 Hrs,26 Hrs,26 Hrs,26 Hrs,26 Hrs,26 Hrs,13 Hrs,Yes,50786,"{""coordinates"": [-123.1036650286887, 49.265615963747685], ""type"": ""Point""}",Mount Pleasant,A60017,"49.265615963747685, -123.1036650286887"
Pay Station,$2.00,$1.00,$2.00,$1.00,$2.00,$1.00,$1.00,METER IN EFFECT: 9:00 AM TO 10:00 PM,26 Hrs,26 Hrs,26 Hrs,26 Hrs,26 Hrs,26 Hrs,26 Hrs,Yes,50788,"{""coordinates"": [-123.10766395996392, 49.26557398711314], ""type"": ""Point""}",Mount Pleasant,B60112,"49.26557398711314, -123.10766395996392"
Pay Station,$2.00,$1.00,$2.00,$1.00,$2.00,$1.00,$1.00,METER IN EFFECT: 9:00 AM TO 10:00 PM,26 Hrs,26 Hrs,26 Hrs,26 Hrs,26 Hrs,26 Hrs,26 Hrs,Yes,57950,"{""coordinates"": [-123.10661197992422, 49.26618303826234], ""type"": ""Point""}",Mount Pleasant,762108,"49.26618303826234, -123.10661197992422"
Pay Station,$2.00,$1.00,$2.00,$1.00,$2.00,$1.00,$1.00,METER IN EFFECT: 9:00 AM TO 10:00 PM,26 Hrs,26 Hrs,26 Hrs,26 Hrs,26 Hrs,26 Hrs,26 Hrs,Yes,57944,"{""coordinates"": [-123.1067899754763, 49.266179995422426], ""type"": ""Point""}",Mount Pleasant,762109,"49.266179995422426, -123.1067899754763"
Pay Station,$2.00,$1.00,$2.00,$1.00,$2.00,$1.00,$1.00,METER IN EFFECT: 9:00 AM TO 10:00 PM,26 Hrs,26 Hrs,26 Hrs,26 Hrs,26 Hrs,26 Hrs,26 Hrs,Yes,50063,"{""coordinates"": [-123.10662096141834, 49.26524797865413], ""type"": ""Point""}",Mount Pleasant,762208,"49.26524797865413, -123.10662096141834"
Pay Station,$2.00,$1.00,$2.00,$1.00,$2.00,$1.00,$1.00,METER IN EFFECT: 9:00 AM TO 10:00 PM,26 Hrs,26 Hrs,26 Hrs,26 Hrs,26 Hrs,26 Hrs,26 Hrs,Yes,50064,"{""coordinates"": [-123.10686597197011, 49.26509096590253], ""type"": ""Point""}",Mount Pleasant,762213,"49.26509096590253, -123.10686597197011"
Pay Station,$2.00,$1.00,$2.00,$1.00,$2.00,$1.00,$0.50,METER IN EFFECT: 9:00 AM TO 10:00 PM,26 Hrs,26 Hrs,26 Hrs,26 Hrs,26 Hrs,26 Hrs,26 Hrs,Yes,50034,"{""coordinates"": [-123.1048990615883, 49.265028002915614], ""type"": ""Point""}",Mount Pleasant,752213,"49.265028002915614, -123.1048990615883"
Pay Station,$2.00,$1.00,$2.00,$1.00,$2.00,$1.00,$1.00,METER IN EFFECT: 9:00 AM TO 10:00 PM,26 Hrs,26 Hrs,26 Hrs,26 Hrs,26 Hrs,26 Hrs,26 Hrs,Yes,50803,"{""coordinates"": [-123.1114040266356, 49.26575997044893], ""type"": ""Point""}",Mount Pleasant,B60309,"49.26575997044893, -123.1114040266356"
Pay Station,$2.00,$1.00,$2.00,$1.00,$2.00,$1.00,$1.00,METER IN EFFECT: 9:00 AM TO 10:00 PM,26 Hrs,26 Hrs,26 Hrs,26 Hrs,26 Hrs,26 Hrs,26 Hrs,Yes,50803,"{""coordinates"": [-123.11222395639327, 49.26577204011488], ""type"": ""Point""}",Mount Pleasant,B60327,"49.26577204011488, -123.11222395639327"
Pay Station,$2.00,$1.00,$2.00,$1.00,$2.00,$1.00,$0.50,METER IN EFFECT: 9:00 AM TO 10:00 PM,26 Hrs,26 Hrs,26 Hrs,26 Hrs,26 Hrs,26 Hrs,26 Hrs,Yes,50804,"{""coordinates"": [-123.10278402757565, 49.265183991611224], ""type"": ""Point""}",Mount Pleasant,742208,"49.265183991611224, -123.10278402757565"
Twin / Disability,$4.00,$1.00,$4.00,$1.00,$4.00,$1.00,$2.00,METER IN EFFECT: 9:00 AM TO 10:00 PM,3 Hr,4 Hr,3 Hr,4 Hr,3 Hr,4 Hr,3 Hr,No,50321,"{""coordinates"": [-123.12051972484957, 49.26239292025677], ""type"": ""Point""}",Fairview,D00709,"49.26239292025677, -123.12051972484957"
Twin / Disability,$4.00,$1.00,$4.00,$1.00,$4.00,$1.00,$2.00,METER IN EFFECT: 9:00 AM TO 10:00 PM,3 Hr,4 Hr,3 Hr,4 Hr,3 Hr,4 Hr,3 Hr,No,50295,"{""coordinates"": [-123.12028251485086, 49.262388346015285], ""type"": ""Point""}",Fairview,D00705,"49.262388346015285, -123.12028251485086"
Single Motorbike,$1.00,$0.50,$1.00,$0.50,$1.00,$0.50,$1.00,METER IN EFFECT: 9:00 AM TO 10:00 PM,26 Hrs,26 Hrs,26 Hrs,26 Hrs,26 Hrs,26 Hrs,26 Hrs,No,54394,"{""coordinates"": [-123.10501611313758, 49.265629864582095], ""type"": ""Point""}",Mount Pleasant,B60097,"49.265629864582095, -123.10501611313758"
Pay Station,$2.00,$1.00,$2.00,$1.00,$2.00,$1.00,$1.00,METER IN EFFECT: 9:00 AM TO 10:00 PM,26 Hrs,26 Hrs,26 Hrs,26 Hrs,26 Hrs,26 Hrs,26 Hrs,Yes,59842,"{""coordinates"": [-123.10357047875505, 49.265499263821674], ""type"": ""Point""}",Mount Pleasant,A60018,"49.265499263821674, -123.10357047875505"
Pay Station,$2.00,$1.00,$2.00,$1.00,$2.00,$1.00,$1.00,METER IN EFFECT: 9:00 AM TO 10:00 PM,26 Hrs,26 Hrs,26 Hrs,26 Hrs,26 Hrs,26 Hrs,26 Hrs,Yes,59840,"{""coordinates"": [-123.1085292844949, 49.26571070520562], ""type"": ""Point""}",Mount Pleasant,B60131,"49.26571070520562, -123.1085292844949"
Single,$8.00,$7.00,$8.00,$7.00,$8.00,$7.00,$4.00,METER IN EFFECT: 9:00 AM TO 10:00 PM,2 Hr,4 Hr,2 Hr,4 Hr,2 Hr,4 Hr,13 Hrs,Yes,65274,"{""coordinates"": [-123.11862622442153, 49.28764956471476], ""type"": ""Point""}",Downtown,061029,"49.28764956471476, -123.11862622442153"
Twin,$2.00,$2.00,$2.00,$2.00,$2.00,$2.00,$1.00,METER IN EFFECT: 9:00 AM TO 10:00 PM,2 Hr,4 Hr,2 Hr,4 Hr,2 Hr,4 Hr,2 Hr,No,66448,"{""coordinates"": [-123.13050294632899, 49.27777365812309], ""type"": ""Point""}",Downtown,170916,"49.27777365812309, -123.13050294632899"
Single,$1.00,$1.00,$1.00,$1.00,$1.00,$1.00,$0.50,METER IN EFFECT: 9:00 AM TO 10:00 PM,2 Hr,4 Hr,2 Hr,4 Hr,2 Hr,4 Hr,2 Hr,Yes,56522,"{""coordinates"": [-123.10138434525362, 49.253753482873314], ""type"": ""Point""}",Riley Park,C90127,"49.253753482873314, -123.10138434525362"
Pay Station,$2.00,$2.00,$2.00,$2.00,$2.00,$2.00,$1.00,METER IN EFFECT: 9:00 AM TO 10:00 PM,3 Hr,4 Hr,3 Hr,4 Hr,3 Hr,4 Hr,3 Hr,Yes,66613,"{""coordinates"": [-123.10751801251972, 49.28007104368576], ""type"": ""Point""}",Downtown,540530,"49.28007104368576, -123.10751801251972"
Pay Station,$2.00,$2.00,$2.00,$2.00,$2.00,$2.00,$1.00,METER IN EFFECT: 9:00 AM TO 10:00 PM,3 Hr,4 Hr,3 Hr,4 Hr,3 Hr,4 Hr,3 Hr,Yes,66614,"{""coordinates"": [-123.10772101753534, 49.280228000412464], ""type"": ""Point""}",Downtown,540523,"49.280228000412464, -123.10772101753534"
Pay Station,$2.00,$1.00,$2.00,$1.00,$2.00,$1.00,$1.00,METER IN EFFECT: 9:00 AM TO 10:00 PM,No Time Limit,No Time Limit,No Time Limit,No Time Limit,No Time Limit,No Time Limit,13 Hrs,Yes,57910,"{""coordinates"": [-123.1093510659825, 49.26430354823558], ""type"": ""Point""}",Mount Pleasant,522310,"49.26430354823558, -123.1093510659825"
Single Motorbike,$1.00,$0.50,$1.00,$0.50,$1.00,$0.50,$1.00,METER IN EFFECT: 9:00 AM TO 10:00 PM,No Time Limit,No Time Limit,No Time Limit,No Time Limit,No Time Limit,No Time Limit,13 Hrs,No,57105,"{""coordinates"": [-123.10954909260192, 49.264616276837536], ""type"": ""Point""}",Mount Pleasant,522397,"49.264616276837536, -123.10954909260192"
Pay Station,$2.00,$3.00,$2.00,$3.00,$2.00,$3.00,$1.00,METER IN EFFECT: 9:00 AM TO 10:00 PM,2 Hr,4 Hr,2 Hr,4 Hr,2 Hr,4 Hr,13 Hrs,Yes,66624,"{""coordinates"": [-123.10321825669662, 49.283504753714546], ""type"": ""Point""}",Downtown,010020,"49.283504753714546, -123.10321825669662"
Single Motorbike,$0.50,$0.50,$0.50,$0.50,$0.50,$0.50,$0.50,METER IN EFFECT: 9:00 AM TO 10:00 PM,No Time Limit,No Time Limit,No Time Limit,No Time Limit,No Time Limit,No Time Limit,13 Hrs,No,51345,"{""coordinates"": [-123.10109713197625, 49.26647294524523], ""type"": ""Point""}",Mount Pleasant,A50199,"49.26647294524523, -123.10109713197625"
Single,$6.00,$1.00,$6.00,$1.00,$6.00,$1.00,$2.50,METER IN EFFECT: 9:00 AM TO 10:00 PM,2 Hr,4 Hr,2 Hr,4 Hr,2 Hr,4 Hr,2 Hr,No,51920,"{""coordinates"": [-123.15239531619821, 49.26803632204204], ""type"": ""Point""}",Kitsilano,B42040,"49.26803632204204, -123.15239531619821"
Twin Bay Single,$1.00,$1.00,$1.00,$1.00,$1.00,$1.00,$0.50,METER IN EFFECT: 9:00 AM TO 10:00 PM,2 Hr,4 Hr,2 Hr,4 Hr,2 Hr,4 Hr,2 Hr,Yes,56410,"{""coordinates"": [-123.10058212054909, 49.25473372757917], ""type"": ""Point""}",Riley Park,C80206,"49.25473372757917, -123.10058212054909"
Twin Bay Single,$1.00,$1.00,$1.00,$1.00,$1.00,$1.00,$0.50,METER IN EFFECT: 9:00 AM TO 10:00 PM,other,4 Hr,2 Hr,4 Hr,2 Hr,4 Hr,13 Hrs,Yes,54488,"{""coordinates"": [-123.09919007028694, 49.26234051912207], ""type"": ""Point""}",Mount Pleasant,990118,"49.26234051912207, -123.09919007028694"
Twin Bay Single,$1.00,$1.00,$1.00,$1.00,$1.00,$1.00,$0.50,METER IN EFFECT: 9:00 AM TO 10:00 PM,other,4 Hr,2 Hr,4 Hr,2 Hr,4 Hr,13 Hrs,Yes,56685,"{""coordinates"": [-123.09940181111651, 49.26257833235021], ""type"": ""Point""}",Mount Pleasant,990110,"49.26257833235021, -123.09940181111651"
Twin Bay Single,$1.00,$1.00,$1.00,$1.00,$1.00,$1.00,$0.50,METER IN EFFECT: 9:00 AM TO 10:00 PM,2 Hr,4 Hr,2 Hr,4 Hr,2 Hr,4 Hr,2 Hr,Yes,56812,"{""coordinates"": [-123.1012632537739, 49.25366041656861], ""type"": ""Point""}",Riley Park,C90132,"49.25366041656861, -123.1012632537739"
Twin Bay Single,$1.00,$1.00,$1.00,$1.00,$1.00,$1.00,$0.50,METER IN EFFECT: 9:00 AM TO 10:00 PM,2 Hr,4 Hr,2 Hr,4 Hr,2 Hr,4 Hr,2 Hr,Yes,56584,"{""coordinates"": [-123.10128574333798, 49.25275753742317], ""type"": ""Point""}",Riley Park,E00131,"49.25275753742317, -123.10128574333798"
Twin Bay Single,$1.00,$1.00,$1.00,$1.00,$1.00,$1.00,$1.00,METER IN EFFECT: 9:00 AM TO 10:00 PM,2 Hr,4 Hr,2 Hr,4 Hr,2 Hr,4 Hr,13 Hrs,Yes,66956,"{""coordinates"": [-123.09564063587483, 49.28406180563002], ""type"": ""Point""}",Strathcona,010339,"49.28406180563002, -123.09564063587483"
Twin Bay Single,$1.00,$1.00,$1.00,$1.00,$1.00,$1.00,$1.00,METER IN EFFECT: 9:00 AM TO 10:00 PM,2 Hr,4 Hr,2 Hr,4 Hr,2 Hr,4 Hr,13 Hrs,Yes,67047,"{""coordinates"": [-123.09564063587483, 49.28406180563002], ""type"": ""Point""}",Strathcona,010341,"49.28406180563002, -123.09564063587483"
Twin Bay Single,$2.00,$1.00,$2.00,$1.00,$2.00,$1.00,$1.00,METER IN EFFECT: 9:00 AM TO 10:00 PM,2 Hr,4 Hr,2 Hr,4 Hr,2 Hr,4 Hr,2 Hr,Yes,50901,"{""coordinates"": [-123.1095659489185, 49.26591599580268], ""type"": ""Point""}",Mount Pleasant,522115,"49.26591599580268, -123.1095659489185"
Twin,$4.00,$2.00,$4.00,$2.00,$4.00,$2.00,$2.00,METER IN EFFECT: 9:00 AM TO 10:00 PM,2 Hr,4 Hr,2 Hr,4 Hr,2 Hr,4 Hr,2 Hr,No,51976,"{""coordinates"": [-123.15712762757498, 49.26811793855317], ""type"": ""Point""}",Kitsilano,B42242,"49.26811793855317, -123.15712762757498"
Pay Station,$6.00,$1.00,$6.00,$1.00,$6.00,$1.00,$3.50,METER IN EFFECT: 9:00 AM TO 10:00 PM,2 Hr,4 Hr,2 Hr,4 Hr,2 Hr,4 Hr,13 Hrs,Yes,60910,"{""coordinates"": [-123.11444948949186, 49.28613627379815], ""type"": ""Point""}",Downtown,620316,"49.28613627379815, -123.11444948949186"
Pay Station,$2.00,$1.00,$2.00,$1.00,$2.00,$1.00,$1.00,METER IN EFFECT: 9:00 AM TO 10:00 PM,26 Hrs,26 Hrs,26 Hrs,26 Hrs,26 Hrs,26 Hrs,13 Hrs,Yes,50786,"{""coordinates"": [-123.10437801864501, 49.26562899455662], ""type"": ""Point""}",Mount Pleasant,A60003,"49.26562899455662, -123.10437801864501"
Pay Station,$2.00,$1.00,$2.00,$1.00,$2.00,$1.00,$1.00,METER IN EFFECT: 9:00 AM TO 10:00 PM,26 Hrs,26 Hrs,26 Hrs,26 Hrs,26 Hrs,26 Hrs,26 Hrs,Yes,59841,"{""coordinates"": [-123.10604798537835, 49.26565904703973], ""type"": ""Point""}",Mount Pleasant,B60015,"49.26565904703973, -123.10604798537835"
Pay Station,$2.00,$1.00,$2.00,$1.00,$2.00,$1.00,$0.50,METER IN EFFECT: 9:00 AM TO 10:00 PM,26 Hrs,26 Hrs,26 Hrs,26 Hrs,26 Hrs,26 Hrs,26 Hrs,Yes,57942,"{""coordinates"": [-123.11092298596162, 49.26602399269678], ""type"": ""Point""}",Mount Pleasant,782117,"49.26602399269678, -123.11092298596162"
Pay Station,$2.00,$1.00,$2.00,$1.00,$2.00,$1.00,$0.50,METER IN EFFECT: 9:00 AM TO 10:00 PM,26 Hrs,26 Hrs,26 Hrs,26 Hrs,26 Hrs,26 Hrs,26 Hrs,Yes,50035,"{""coordinates"": [-123.10274003885553, 49.265910033552366], ""type"": ""Point""}",Mount Pleasant,742112,"49.265910033552366, -123.10274003885553"
Twin / Disability,$4.00,$1.00,$4.00,$1.00,$4.00,$1.00,$2.00,METER IN EFFECT: 9:00 AM TO 10:00 PM,3 Hr,4 Hr,3 Hr,4 Hr,3 Hr,4 Hr,3 Hr,No,50323,"{""coordinates"": [-123.12076024176856, 49.26239524175283], ""type"": ""Point""}",Fairview,D00713,"49.26239524175283, -123.12076024176856"
Pay Station,$2.00,$1.00,$2.00,$1.00,$2.00,$1.00,$0.50,METER IN EFFECT: 9:00 AM TO 10:00 PM,26 Hrs,26 Hrs,26 Hrs,26 Hrs,26 Hrs,26 Hrs,26 Hrs,Yes,50062,"{""coordinates"": [-123.10296106193108, 49.265183024420395], ""type"": ""Point""}",Mount Pleasant,742209,"49.265183024420395, -123.10296106193108"
Single,$2.00,$1.00,$2.00,$1.00,$2.00,$1.00,$1.00,METER IN EFFECT: 9:00 AM TO 10:00 PM,2 Hr,4 Hr,2 Hr,4 Hr,2 Hr,4 Hr,2 Hr,Yes,52919,"{""coordinates"": [-123.10577201299165, 49.265544970977984], ""type"": ""Point""}",Mount Pleasant,B60016,"49.265544970977984, -123.10577201299165"
Twin / Disability,$4.00,$1.00,$4.00,$1.00,$4.00,$1.00,$2.00,METER IN EFFECT: 9:00 AM TO 10:00 PM,3 Hr,4 Hr,3 Hr,4 Hr,3 Hr,4 Hr,3 Hr,No,50377,"{""coordinates"": [-123.12076024176856, 49.26239524175283], ""type"": ""Point""}",Fairview,D00711,"49.26239524175283, -123.12076024176856"
Pay Station,$3.00,$2.00,$3.00,$2.00,$3.00,$2.00,$1.50,METER IN EFFECT: 9:00 AM TO 10:00 PM,2 Hr,4 Hr,2 Hr,4 Hr,2 Hr,4 Hr,2 Hr,Yes,59986,"{""coordinates"": [-123.10596626096681, 49.27116811437283], ""type"": ""Point""}",Mount Pleasant,NA1608,"49.27116811437283, -123.10596626096681"
Pay Station,$2.00,$1.00,$2.00,$1.00,$2.00,$1.00,$1.00,METER IN EFFECT: 9:00 AM TO 10:00 PM,No Time Limit,No Time Limit,No Time Limit,No Time Limit,No Time Limit,No Time Limit,13 Hrs,Yes,57914,"{""coordinates"": [-123.1068670517033, 49.2642925505692], ""type"": ""Point""}",Mount Pleasant,762309,"49.2642925505692, -123.1068670517033"
Pay Station,$2.00,$1.00,$2.00,$1.00,$2.00,$1.00,$1.00,METER IN EFFECT: 9:00 AM TO 10:00 PM,26 Hrs,26 Hrs,26 Hrs,26 Hrs,26 Hrs,26 Hrs,26 Hrs,Yes,59869,"{""coordinates"": [-123.10412735047863, 49.26641413307393], ""type"": ""Point""}",Mount Pleasant,A50014,"49.26641413307393, -123.10412735047863"
Single / Disability,$1.00,$1.00,$1.00,$1.00,$1.00,$1.00,$0.50,METER IN EFFECT: 9:00 AM TO 10:00 PM,2 Hr,4 Hr,2 Hr,4 Hr,2 Hr,4 Hr,2 Hr,No,56319,"{""coordinates"": [-123.0546865855585, 49.2809728131768], ""type"": ""Point""}",Hastings-Sunrise,KL0401,"49.2809728131768, -123.0546865855585"
Single / Disability,$6.00,$1.00,$6.00,$1.00,$6.00,$1.00,$2.50,METER IN EFFECT: 9:00 AM TO 10:00 PM,2 Hr,4 Hr,2 Hr,4 Hr,2 Hr,4 Hr,2 Hr,No,52003,"{""coordinates"": [-123.15064747990755, 49.268015145642174], ""type"": ""Point""}",Kitsilano,B42002,"49.268015145642174, -123.15064747990755"
Single,$2.00,$2.00,$2.00,$2.00,$2.00,$2.00,$1.00,METER IN EFFECT: 9:00 AM TO 10:00 PM,2 Hr,4 Hr,2 Hr,4 Hr,2 Hr,4 Hr,2 Hr,No,66421,"{""coordinates"": [-123.1303959353704, 49.27770361648982], ""type"": ""Point""}",Downtown,170912,"49.27770361648982, -123.1303959353704"
Twin,$2.00,$2.00,$2.00,$2.00,$2.00,$2.00,$1.00,METER IN EFFECT: 9:00 AM TO 10:00 PM,2 Hr,4 Hr,2 Hr,4 Hr,2 Hr,4 Hr,2 Hr,No,66405,"{""coordinates"": [-123.13050294632899, 49.27777365812309], ""type"": ""Point""}",Downtown,170914,"49.27777365812309, -123.13050294632899"
Single,$1.00,$1.00,$1.00,$1.00,$1.00,$1.00,$0.50,METER IN EFFECT: 9:00 AM TO 10:00 PM,2 Hr,4 Hr,2 Hr,4 Hr,2 Hr,4 Hr,2 Hr,Yes,56972,"{""coordinates"": [-123.1005531550985, 49.25393690221098], ""type"": ""Point""}",Riley Park,C90203,"49.25393690221098, -123.1005531550985"
Pay Station,$1.00,$1.00,$1.00,$1.00,$1.00,$1.00,$0.50,METER IN EFFECT: 9:00 AM TO 10:00 PM,2 Hr,4 Hr,2 Hr,4 Hr,2 Hr,4 Hr,13 Hrs,Yes,59817,"{""coordinates"": [-123.0551575569902, 49.28122986937337], ""type"": ""Point""}",Hastings-Sunrise,072435,"49.28122986937337, -123.0551575569902"
Pay Station,$2.00,$2.00,$2.00,$2.00,$2.00,$2.00,$1.00,METER IN EFFECT: 9:00 AM TO 10:00 PM,3 Hr,4 Hr,3 Hr,4 Hr,3 Hr,4 Hr,3 Hr,Yes,66613,"{""coordinates"": [-123.10751302737197, 49.280623982029404], ""type"": ""Point""}",Downtown,540510,"49.280623982029404, -123.10751302737197"
Pay Station,$2.00,$1.00,$2.00,$1.00,$2.00,$1.00,$1.00,METER IN EFFECT: 9:00 AM TO 10:00 PM,No Time Limit,No Time Limit,No Time Limit,No Time Limit,No Time Limit,No Time Limit,13 Hrs,Yes,57911,"{""coordinates"": [-123.10954614441272, 49.264414526186485], ""type"": ""Point""}",Mount Pleasant,522307,"49.264414526186485, -123.10954614441272"
Pay Station,$2.00,$3.00,$2.00,$3.00,$2.00,$3.00,$1.00,METER IN EFFECT: 9:00 AM TO 10:00 PM,2 Hr,4 Hr,2 Hr,4 Hr,2 Hr,4 Hr,13 Hrs,Yes,66624,"{""coordinates"": [-123.1037377341054, 49.28341141334147], ""type"": ""Point""}",Downtown,010002,"49.28341141334147, -123.1037377341054"
Pay Station,$2.00,$3.00,$2.00,$3.00,$2.00,$3.00,$1.00,METER IN EFFECT: 9:00 AM TO 10:00 PM,2 Hr,4 Hr,2 Hr,4 Hr,2 Hr,4 Hr,13 Hrs,Yes,66624,"{""coordinates"": [-123.10265533704396, 49.28361629160919], ""type"": ""Point""}",Downtown,010040,"49.28361629160919, -123.10265533704396"
Single / Disability,$1.00,$1.00,$1.00,$1.00,$1.00,$1.00,$0.50,METER IN EFFECT: 9:00 AM TO 10:00 PM,2 Hr,4 Hr,2 Hr,4 Hr,2 Hr,4 Hr,13 Hrs,No,67408,"{""coordinates"": [-123.1400673040104, 49.286038834472784], ""type"": ""Point""}",West End,161640,"49.286038834472784, -123.1400673040104"
Pay Station,$2.00,$1.00,$2.00,$1.00,$2.00,$1.00,$1.00,METER IN EFFECT: 9:00 AM TO 10:00 PM,26 Hrs,26 Hrs,26 Hrs,26 Hrs,26 Hrs,26 Hrs,26 Hrs,Yes,50086,"{""coordinates"": [-123.10931197677147, 49.265312028575686], ""type"": ""Point""}",Mount Pleasant,522208,"49.265312028575686, -123.10931197677147"
Twin,$6.00,$1.00,$6.00,$1.00,$6.00,$1.00,$2.50,METER IN EFFECT: 9:00 AM TO 10:00 PM,2 Hr,4 Hr,2 Hr,4 Hr,2 Hr,4 Hr,2 Hr,No,57138,"{""coordinates"": [-123.15331413560989, 49.268228746216], ""type"": ""Point""}",Kitsilano,B42107,"49.268228746216, -123.15331413560989"
Twin,$6.00,$1.00,$6.00,$1.00,$6.00,$1.00,$2.50,METER IN EFFECT: 9:00 AM TO 10:00 PM,2 Hr,4 Hr,2 Hr,4 Hr,2 Hr,4 Hr,2 Hr,No,57121,"{""coordinates"": [-123.15346257707436, 49.26822854915425], ""type"": ""Point""}",Kitsilano,B42109,"49.26822854915425, -123.15346257707436"
Single,$4.00,$2.00,$4.00,$2.00,$4.00,$2.00,$2.00,METER IN EFFECT: 9:00 AM TO 10:00 PM,2 Hr,4 Hr,2 Hr,4 Hr,2 Hr,4 Hr,2 Hr,No,57122,"{""coordinates"": [-123.15730790399805, 49.268117693254275], ""type"": ""Point""}",Kitsilano,B42244,"49.268117693254275, -123.15730790399805"
Twin,$1.00,$1.00,$1.00,$1.00,$1.00,$1.00,$1.00,METER IN EFFECT: 9:00 AM TO 10:00 PM,3 Hr,4 Hr,3 Hr,4 Hr,3 Hr,4 Hr,3 Hr,No,57118,"{""coordinates"": [-123.15792984021728, 49.26829979824183], ""type"": ""Point""}",Kitsilano,B42305,"49.26829979824183, -123.15792984021728"
Twin,$1.00,$1.00,$1.00,$1.00,$1.00,$1.00,$1.00,METER IN EFFECT: 9:00 AM TO 10:00 PM,3 Hr,4 Hr,3 Hr,4 Hr,3 Hr,4 Hr,3 Hr,No,57136,"{""coordinates"": [-123.15792984021728, 49.26829979824183], ""type"": ""Point""}",Kitsilano,B42307,"49.26829979824183, -123.15792984021728"
Twin,$1.00,$1.00,$1.00,$1.00,$1.00,$1.00,$1.00,METER IN EFFECT: 9:00 AM TO 10:00 PM,3 Hr,4 Hr,3 Hr,4 Hr,3 Hr,4 Hr,3 Hr,No,57119,"{""coordinates"": [-123.15812316212609, 49.26829953383929], ""type"": ""Point""}",Kitsilano,B42309,"49.26829953383929, -123.15812316212609"
Twin Bay Single,$5.00,$1.00,$5.00,$1.00,$5.00,$1.00,$3.50,METER IN EFFECT: 9:00 AM TO 10:00 PM,2 Hr,4 Hr,2 Hr,4 Hr,2 Hr,4 Hr,13 Hrs,Yes,66348,"{""coordinates"": [-123.12284668787048, 49.2807454693629], ""type"": ""Point""}",Downtown,620905,"49.2807454693629, -123.12284668787048"
Twin Bay Single,$5.00,$1.00,$5.00,$1.00,$5.00,$1.00,$3.50,METER IN EFFECT: 9:00 AM TO 10:00 PM,2 Hr,4 Hr,2 Hr,4 Hr,2 Hr,4 Hr,13 Hrs,Yes,66335,"{""coordinates"": [-123.12284668787048, 49.2807454693629], ""type"": ""Point""}",Downtown,620907,"49.2807454693629, -123.12284668787048"
Twin Bay Single,$1.00,$1.00,$1.00,$1.00,$1.00,$1.00,$0.50,METER IN EFFECT: 9:00 AM TO 10:00 PM,2 Hr,4 Hr,2 Hr,4 Hr,2 Hr,4 Hr,2 Hr,Yes,56817,"{""coordinates"": [-123.10058212054909, 49.25473372757917], ""type"": ""Point""}",Riley Park,C80208,"49.25473372757917, -123.10058212054909"
Twin Bay Single,$1.00,$1.00,$1.00,$1.00,$1.00,$1.00,$0.50,METER IN EFFECT: 9:00 AM TO 10:00 PM,2 Hr,4 Hr,2 Hr,4 Hr,2 Hr,4 Hr,2 Hr,Yes,56592,"{""coordinates"": [-123.10130614479729, 49.25456154715636], ""type"": ""Point""}",Riley Park,C80136,"49.25456154715636, -123.10130614479729"
Twin,$4.00,$3.00,$4.00,$3.00,$4.00,$3.00,$2.00,METER IN EFFECT: 9:00 AM TO 10:00 PM,2 Hr,4 Hr,2 Hr,4 Hr,2 Hr,4 Hr,13 Hrs,No,63157,"{""coordinates"": [-123.10588210780648, 49.28269875951271], ""type"": ""Point""}",Downtown,040030,"49.28269875951271, -123.10588210780648"
Twin Bay Single,$1.00,$1.00,$1.00,$1.00,$1.00,$1.00,$0.50,METER IN EFFECT: 9:00 AM TO 10:00 PM,2 Hr,4 Hr,2 Hr,4 Hr,2 Hr,4 Hr,2 Hr,Yes,56472,"{""coordinates"": [-123.10123490958115, 49.253750348644665], ""type"": ""Point""}",Riley Park,C90131,"49.253750348644665, -123.10123490958115"
Twin Bay Single,$1.00,$1.00,$1.00,$1.00,$1.00,$1.00,$0.50,METER IN EFFECT: 9:00 AM TO 10:00 PM,other,4 Hr,2 Hr,4 Hr,2 Hr,4 Hr,13 Hrs,Yes,54403,"{""coordinates"": [-123.09929255479253, 49.2624605800822], ""type"": ""Point""}",Mount Pleasant,990114,"49.2624605800822, -123.09929255479253"
Twin Bay Single,$1.00,$1.00,$1.00,$1.00,$1.00,$1.00,$0.50,METER IN EFFECT: 9:00 AM TO 10:00 PM,other,4 Hr,2 Hr,4 Hr,2 Hr,4 Hr,13 Hrs,Yes,54460,"{""coordinates"": [-123.09929255479253, 49.2624605800822], ""type"": ""Point""}",Mount Pleasant,990116,"49.2624605800822, -123.09929255479253"
Twin Bay Single,$1.00,$1.00,$1.00,$1.00,$1.00,$1.00,$0.50,METER IN EFFECT: 9:00 AM TO 10:00 PM,other,4 Hr,2 Hr,4 Hr,2 Hr,4 Hr,13 Hrs,Yes,54404,"{""coordinates"": [-123.09919007028694, 49.26234051912207], ""type"": ""Point""}",Mount Pleasant,990120,"49.26234051912207, -123.09919007028694"
Twin Bay Single,$1.00,$1.00,$1.00,$1.00,$1.00,$1.00,$0.50,METER IN EFFECT: 9:00 AM TO 10:00 PM,2 Hr,4 Hr,2 Hr,4 Hr,2 Hr,4 Hr,2 Hr,Yes,56405,"{""coordinates"": [-123.1012632537739, 49.25366041656861], ""type"": ""Point""}",Riley Park,C90130,"49.25366041656861, -123.1012632537739"
Twin Bay Single,$1.00,$1.00,$1.00,$1.00,$1.00,$1.00,$0.50,METER IN EFFECT: 9:00 AM TO 10:00 PM,2 Hr,4 Hr,2 Hr,4 Hr,2 Hr,4 Hr,2 Hr,Yes,56333,"{""coordinates"": [-123.10128574333798, 49.25275753742317], ""type"": ""Point""}",Riley Park,E00129,"49.25275753742317, -123.10128574333798"
Twin,$1.00,$1.00,$1.00,$1.00,$1.00,$1.00,$0.50,METER IN EFFECT: 9:00 AM TO 10:00 PM,3 Hr,4 Hr,3 Hr,4 Hr,3 Hr,4 Hr,13 Hrs,No,57173,"{""coordinates"": [-123.14553959341485, 49.2666140153155], ""type"": ""Point""}",Fairview,642114,"49.2666140153155, -123.14553959341485"
Twin Bay Single,$2.00,$1.00,$2.00,$1.00,$2.00,$1.00,$1.00,METER IN EFFECT: 9:00 AM TO 10:00 PM,2 Hr,4 Hr,2 Hr,4 Hr,2 Hr,4 Hr,2 Hr,Yes,50902,"{""coordinates"": [-123.1095659489185, 49.26591599580268], ""type"": ""Point""}",Mount Pleasant,522117,"49.26591599580268, -123.1095659489185"
Twin,$6.00,$1.00,$6.00,$1.00,$6.00,$1.00,$2.50,METER IN EFFECT: 9:00 AM TO 10:00 PM,2 Hr,4 Hr,2 Hr,4 Hr,2 Hr,4 Hr,2 Hr,No,51864,"{""coordinates"": [-123.15220419459345, 49.26803657396291], ""type"": ""Point""}",Kitsilano,B42036,"49.26803657396291, -123.15220419459345"
Single Motorbike,$1.00,$0.50,$1.00,$0.50,$1.00,$0.50,$1.00,METER IN EFFECT: 9:00 AM TO 10:00 PM,No Time Limit,No Time Limit,No Time Limit,No Time Limit,No Time Limit,No Time Limit,13 Hrs,No,57100,"{""coordinates"": [-123.10282500356611, 49.26385535446587], ""type"": ""Point""}",Mount Pleasant,742398,"49.26385535446587, -123.10282500356611"
Twin Bay Single,$5.00,$1.00,$5.00,$1.00,$5.00,$1.00,$3.50,METER IN EFFECT: 9:00 AM TO 10:00 PM,2 Hr,4 Hr,2 Hr,4 Hr,2 Hr,4 Hr,13 Hrs,Yes,66229,"{""coordinates"": [-123.12268810851592, 49.280858761227115], ""type"": ""Point""}",Downtown,620901,"49.280858761227115, -123.12268810851592"
Twin Bay Single,$2.00,$1.00,$2.00,$1.00,$2.00,$1.00,$1.00,METER IN EFFECT: 9:00 AM TO 10:00 PM,2 Hr,4 Hr,2 Hr,4 Hr,2 Hr,4 Hr,13 Hrs,Yes,57102,"{""coordinates"": [-123.10475972755845, 49.264021260113005], ""type"": ""Point""}",Mount Pleasant,752316,"49.264021260113005, -123.10475972755845"
Pay Station,$2.00,$1.00,$2.00,$1.00,$2.00,$1.00,$1.00,METER IN EFFECT: 9:00 AM TO 10:00 PM,2 Hr,4 Hr,2 Hr,4 Hr,2 Hr,4 Hr,13 Hrs,Yes,59944,"{""coordinates"": [-123.10456804661636, 49.26884901446297], ""type"": ""Point""}",Mount Pleasant,751804,"49.26884901446297, -123.10456804661636"
Single Motorbike,$2.00,$3.00,$2.00,$3.00,$2.00,$3.00,$1.00,METER IN EFFECT: 9:00 AM TO 10:00 PM,,,,,,,13 Hrs,No,50057,"{""coordinates"": [-123.10255470502445, 49.263671840640875], ""type"": ""Point""}",Mount Pleasant,A80196,"49.263671840640875, -123.10255470502445"
Pay Station,$2.00,$1.00,$2.00,$1.00,$2.00,$1.00,$1.00,METER IN EFFECT: 9:00 AM TO 10:00 PM,2 Hr,4 Hr,2 Hr,4 Hr,2 Hr,4 Hr,13 Hrs,Yes,50039,"{""coordinates"": [-123.10993994705002, 49.2683240155647], ""type"": ""Point""}",Mount Pleasant,B30214,"49.2683240155647, -123.10993994705002"
Pay Station,$2.00,$1.00,$2.00,$1.00,$2.00,$1.00,$1.00,METER IN EFFECT: 9:00 AM TO 10:00 PM,2 Hr,4 Hr,2 Hr,4 Hr,2 Hr,4 Hr,13 Hrs,Yes,56412,"{""coordinates"": [-123.10473599634425, 49.26890103449183], ""type"": ""Point""}",Mount Pleasant,751805,"49.26890103449183, -123.10473599634425"
Pay Station,$2.00,$1.00,$2.00,$1.00,$2.00,$1.00,$1.00,METER IN EFFECT: 9:00 AM TO 10:00 PM,2 Hr,4 Hr,2 Hr,4 Hr,2 Hr,4 Hr,13 Hrs,Yes,54335,"{""coordinates"": [-123.10855799318952, 49.268415004361934], ""type"": ""Point""}",Mount Pleasant,B30141,"49.268415004361934, -123.10855799318952"
Pay Station,$2.00,$1.00,$2.00,$1.00,$2.00,$1.00,$1.00,METER IN EFFECT: 9:00 AM TO 10:00 PM,2 Hr,4 Hr,2 Hr,4 Hr,2 Hr,4 Hr,13 Hrs,Yes,50066,"{""coordinates"": [-123.10838206583799, 49.26829904150441], ""type"": ""Point""}",Mount Pleasant,B30142,"49.26829904150441, -123.10838206583799"
Pay Station,$2.00,$1.00,$2.00,$1.00,$2.00,$1.00,$1.00,METER IN EFFECT: 9:00 AM TO 10:00 PM,2 Hr,4 Hr,2 Hr,4 Hr,2 Hr,4 Hr,13 Hrs,Yes,50048,"{""coordinates"": [-123.10378109719507, 49.26833118678893], ""type"": ""Point""}",Mount Pleasant,A30019,"49.26833118678893, -123.10378109719507"
Pay Station,$2.00,$1.00,$2.00,$1.00,$2.00,$1.00,$1.00,METER IN EFFECT: 9:00 AM TO 10:00 PM,2 Hr,4 Hr,2 Hr,4 Hr,2 Hr,4 Hr,13 Hrs,Yes,50081,"{""coordinates"": [-123.10133601946043, 49.26828798530169], ""type"": ""Point""}",Mount Pleasant,A30117,"49.26828798530169, -123.10133601946043"
Pay Station,$2.00,$1.00,$2.00,$1.00,$2.00,$1.00,$1.00,METER IN EFFECT: 9:00 AM TO 10:00 PM,2 Hr,4 Hr,2 Hr,4 Hr,2 Hr,4 Hr,13 Hrs,Yes,50757,"{""coordinates"": [-123.10220799166092, 49.268188000219475], ""type"": ""Point""}",Mount Pleasant,A30134,"49.268188000219475, -123.10220799166092"
Pay Station,$2.00,$1.00,$2.00,$1.00,$2.00,$1.00,$1.00,METER IN EFFECT: 9:00 AM TO 10:00 PM,2 Hr,4 Hr,2 Hr,4 Hr,2 Hr,4 Hr,13 Hrs,Yes,54285,"{""coordinates"": [-123.10106899576913, 49.26737502656449], ""type"": ""Point""}",Mount Pleasant,A40115,"49.26737502656449, -123.10106899576913"
Pay Station,$1.00,$1.00,$1.00,$1.00,$1.00,$1.00,$0.50,METER IN EFFECT: 9:00 AM TO 10:00 PM,2 Hr,4 Hr,2 Hr,4 Hr,2 Hr,4 Hr,13 Hrs,Yes,59839,"{""coordinates"": [-123.11741987926905, 49.26799407044302], ""type"": ""Point""}",Fairview,MY0506,"49.26799407044302, -123.11741987926905"
Pay Station,$1.00,$1.00,$1.00,$1.00,$1.00,$1.00,$0.50,METER IN EFFECT: 9:00 AM TO 10:00 PM,2 Hr,4 Hr,2 Hr,4 Hr,2 Hr,4 Hr,13 Hrs,Yes,59809,"{""coordinates"": [-123.0611056274229, 49.28125386255753], ""type"": ""Point""}",Grandview-Woodland,072115,"49.28125386255753, -123.0611056274229"
Pay Station,$1.00,$1.00,$1.00,$1.00,$1.00,$1.00,$0.50,METER IN EFFECT: 9:00 AM TO 10:00 PM,2 Hr,4 Hr,2 Hr,4 Hr,2 Hr,4 Hr,13 Hrs,Yes,59828,"{""coordinates"": [-123.06084555133712, 49.28108309143481], ""type"": ""Point""}",Grandview-Woodland,072124,"49.28108309143481, -123.06084555133712"
Pay Station,$1.00,$1.00,$1.00,$1.00,$1.00,$1.00,$0.50,METER IN EFFECT: 9:00 AM TO 10:00 PM,2 Hr,4 Hr,2 Hr,4 Hr,2 Hr,4 Hr,13 Hrs,Yes,59825,"{""coordinates"": [-123.05887661693116, 49.281075116256694], ""type"": ""Point""}",Grandview-Woodland,072224,"49.281075116256694, -123.05887661693116"
Pay Station,$1.00,$1.00,$1.00,$1.00,$1.00,$1.00,$0.50,METER IN EFFECT: 9:00 AM TO 10:00 PM,2 Hr,4 Hr,2 Hr,4 Hr,2 Hr,4 Hr,13 Hrs,Yes,59838,"{""coordinates"": [-123.11754441816697, 49.26831876046383], ""type"": ""Point""}",Fairview,MY0418,"49.26831876046383, -123.11754441816697"
Pay Station,$1.00,$1.00,$1.00,$1.00,$1.00,$1.00,$0.50,METER IN EFFECT: 9:00 AM TO 10:00 PM,2 Hr,4 Hr,2 Hr,4 Hr,2 Hr,4 Hr,13 Hrs,Yes,57908,"{""coordinates"": [-123.1093645967412, 49.263541218737956], ""type"": ""Point""}",Mount Pleasant,522406,"49.263541218737956, -123.1093645967412"
Pay Station,$2.00,$2.00,$2.00,$2.00,$2.00,$2.00,$1.00,METER IN EFFECT: 9:00 AM TO 10:00 PM,2 Hr,4 Hr,2 Hr,4 Hr,2 Hr,4 Hr,13 Hrs,Yes,67815,"{""coordinates"": [-123.10008489085558, 49.283262553524494], ""type"": ""Point""}",Downtown,030137,"49.283262553524494, -123.10008489085558"
Pay Station,$1.00,$1.00,$1.00,$1.00,$1.00,$1.00,$0.50,METER IN EFFECT: 9:00 AM TO 10:00 PM,2 Hr,4 Hr,2 Hr,4 Hr,2 Hr,4 Hr,2 Hr,Yes,59968,"{""coordinates"": [-123.09471780069197, 49.26798057627058], ""type"": ""Point""}",Strathcona,TH1818,"49.26798057627058, -123.09471780069197"
Pay Station,$1.00,$1.00,$1.00,$1.00,$1.00,$1.00,$0.50,METER IN EFFECT: 9:00 AM TO 10:00 PM,2 Hr,4 Hr,2 Hr,4 Hr,2 Hr,4 Hr,13 Hrs,Yes,51015,"{""coordinates"": [-123.1533779473184, 49.24815681545999], ""type"": ""Point""}",Arbutus Ridge,774221,"49.24815681545999, -123.1533779473184"
Pay Station,$2.00,$1.00,$2.00,$1.00,$2.00,$1.00,$1.00,METER IN EFFECT: 9:00 AM TO 10:00 PM,2 Hr,4 Hr,2 Hr,4 Hr,2 Hr,4 Hr,13 Hrs,Yes,59946,"{""coordinates"": [-123.106676712144, 49.268882482968586], ""type"": ""Point""}",Mount Pleasant,761803,"49.268882482968586, -123.106676712144"
Pay Station,$2.00,$1.00,$2.00,$1.00,$2.00,$1.00,$1.00,METER IN EFFECT: 9:00 AM TO 10:00 PM,2 Hr,4 Hr,2 Hr,4 Hr,2 Hr,4 Hr,13 Hrs,Yes,50225,"{""coordinates"": [-123.10117695124202, 49.26726600021063], ""type"": ""Point""}",Mount Pleasant,A40114,"49.26726600021063, -123.10117695124202"
Pay Station,$2.00,$1.00,$2.00,$1.00,$2.00,$1.00,$1.00,METER IN EFFECT: 9:00 AM TO 10:00 PM,2 Hr,4 Hr,2 Hr,4 Hr,2 Hr,4 Hr,13 Hrs,Yes,50225,"{""coordinates"": [-123.10218796967952, 49.267278963082056], ""type"": ""Point""}",Mount Pleasant,A40136,"49.267278963082056, -123.10218796967952"
Pay Station,$2.00,$1.00,$2.00,$1.00,$2.00,$1.00,$1.00,METER IN EFFECT: 9:00 AM TO 10:00 PM,2 Hr,4 Hr,2 Hr,4 Hr,2 Hr,4 Hr,13 Hrs,Yes,52823,"{""coordinates"": [-123.10619403880388, 49.26825798619574], ""type"": ""Point""}",Mount Pleasant,B30020,"49.26825798619574, -123.10619403880388"
Pay Station,$2.00,$1.00,$2.00,$1.00,$2.00,$1.00,$1.00,METER IN EFFECT: 9:00 AM TO 10:00 PM,2 Hr,4 Hr,2 Hr,4 Hr,2 Hr,4 Hr,13 Hrs,Yes,50067,"{""coordinates"": [-123.10382305753491, 49.268216964041855], ""type"": ""Point""}",Mount Pleasant,A30018,"49.268216964041855, -123.10382305753491"
Pay Station,$2.00,$1.00,$2.00,$1.00,$2.00,$1.00,$1.00,METER IN EFFECT: 9:00 AM TO 10:00 PM,2 Hr,4 Hr,2 Hr,4 Hr,2 Hr,4 Hr,13 Hrs,Yes,50081,"{""coordinates"": [-123.10207503524639, 49.268304965383244], ""type"": ""Point""}",Mount Pleasant,A30135,"49.268304965383244, -123.10207503524639"
Pay Station,$2.00,$1.00,$2.00,$1.00,$2.00,$1.00,$1.00,METER IN EFFECT: 9:00 AM TO 10:00 PM,2 Hr,4 Hr,2 Hr,4 Hr,2 Hr,4 Hr,13 Hrs,Yes,50144,"{""coordinates"": [-123.11131406304773, 49.26756197590515], ""type"": ""Point""}",Mount Pleasant,B40311,"49.26756197590515, -123.11131406304773"
Pay Station,$2.00,$1.00,$2.00,$1.00,$2.00,$1.00,$1.00,METER IN EFFECT: 9:00 AM TO 10:00 PM,2 Hr,4 Hr,2 Hr,4 Hr,2 Hr,4 Hr,13 Hrs,Yes,50158,"{""coordinates"": [-123.1120770012998, 49.26746301078756], ""type"": ""Point""}",Mount Pleasant,B40336,"49.26746301078756, -123.1120770012998"
Pay Station,$2.00,$1.00,$2.00,$1.00,$2.00,$1.00,$1.00,METER IN EFFECT: 9:00 AM TO 10:00 PM,2 Hr,4 Hr,2 Hr,4 Hr,2 Hr,4 Hr,13 Hrs,Yes,54285,"{""coordinates"": [-123.10196002710568, 49.267393043684656], ""type"": ""Point""}",Mount Pleasant,A40137,"49.267393043684656, -123.10196002710568"
Pay Station,$1.00,$1.00,$1.00,$1.00,$1.00,$1.00,$0.50,METER IN EFFECT: 9:00 AM TO 10:00 PM,2 Hr,4 Hr,2 Hr,4 Hr,2 Hr,4 Hr,13 Hrs,Yes,59809,"{""coordinates"": [-123.0606161447146, 49.28125412036715], ""type"": ""Point""}",Grandview-Woodland,072131,"49.28125412036715, -123.0606161447146"
Pay Station,$1.00,$1.00,$1.00,$1.00,$1.00,$1.00,$0.50,METER IN EFFECT: 9:00 AM TO 10:00 PM,2 Hr,4 Hr,2 Hr,4 Hr,2 Hr,4 Hr,13 Hrs,Yes,59828,"{""coordinates"": [-123.06025019942084, 49.281083403393126], ""type"": ""Point""}",Grandview-Woodland,072142,"49.281083403393126, -123.06025019942084"
Pay Station,$1.00,$1.00,$1.00,$1.00,$1.00,$1.00,$0.50,METER IN EFFECT: 9:00 AM TO 10:00 PM,2 Hr,4 Hr,2 Hr,4 Hr,2 Hr,4 Hr,13 Hrs,Yes,59810,"{""coordinates"": [-123.05918755937628, 49.28124586576686], ""type"": ""Point""}",Grandview-Woodland,072215,"49.28124586576686, -123.05918755937628"
Pay Station,$1.00,$1.00,$1.00,$1.00,$1.00,$1.00,$0.50,METER IN EFFECT: 9:00 AM TO 10:00 PM,2 Hr,4 Hr,2 Hr,4 Hr,2 Hr,4 Hr,13 Hrs,Yes,59825,"{""coordinates"": [-123.05831013896672, 49.281075403503664], ""type"": ""Point""}",Grandview-Woodland,072240,"49.281075403503664, -123.05831013896672"
Pay Station,$1.00,$1.00,$1.00,$1.00,$1.00,$1.00,$0.50,METER IN EFFECT: 9:00 AM TO 10:00 PM,2 Hr,4 Hr,2 Hr,4 Hr,2 Hr,4 Hr,13 Hrs,Yes,59822,"{""coordinates"": [-123.0571606732557, 49.281066982657485], ""type"": ""Point""}",Grandview-Woodland,072316,"49.281066982657485, -123.0571606732557"
Pay Station,$1.00,$1.00,$1.00,$1.00,$1.00,$1.00,$0.50,METER IN EFFECT: 9:00 AM TO 10:00 PM,2 Hr,4 Hr,2 Hr,4 Hr,2 Hr,4 Hr,2 Hr,Yes,59956,"{""coordinates"": [-123.11034805306046, 49.269268383185654], ""type"": ""Point""}",Mount Pleasant,KQ1715,"49.269268383185654, -123.11034805306046"
Pay Station,$1.00,$1.00,$1.00,$1.00,$1.00,$1.00,$0.50,METER IN EFFECT: 9:00 AM TO 10:00 PM,2 Hr,4 Hr,2 Hr,4 Hr,2 Hr,4 Hr,2 Hr,Yes,59818,"{""coordinates"": [-123.0546722941876, 49.28145273060996], ""type"": ""Point""}",Hastings-Sunrise,KL0319,"49.28145273060996, -123.0546722941876"
Pay Station,$1.00,$1.00,$1.00,$1.00,$1.00,$1.00,$0.50,METER IN EFFECT: 9:00 AM TO 10:00 PM,2 Hr,4 Hr,2 Hr,4 Hr,2 Hr,4 Hr,2 Hr,Yes,59819,"{""coordinates"": [-123.05466032794254, 49.280839427122196], ""type"": ""Point""}",Hastings-Sunrise,KL0407,"49.280839427122196, -123.05466032794254"
Pay Station,$1.00,$1.00,$1.00,$1.00,$1.00,$1.00,$0.50,METER IN EFFECT: 9:00 AM TO 10:00 PM,2 Hr,4 Hr,2 Hr,4 Hr,2 Hr,4 Hr,13 Hrs,Yes,59929,"{""coordinates"": [-123.10025976890142, 49.254848157096596], ""type"": ""Point""}",Riley Park,C80209,"49.254848157096596, -123.10025976890142"
Pay Station,$1.00,$1.00,$1.00,$1.00,$1.00,$1.00,$1.00,METER IN EFFECT: 9:00 AM TO 10:00 PM,2 Hr,4 Hr,2 Hr,4 Hr,2 Hr,4 Hr,13 Hrs,Yes,67827,"{""coordinates"": [-123.09645651447063, 49.28407806537951], ""type"": ""Point""}",Strathcona,010323,"49.28407806537951, -123.09645651447063"
Pay Station,$1.00,$1.00,$1.00,$1.00,$1.00,$1.00,$0.50,METER IN EFFECT: 9:00 AM TO 10:00 PM,2 Hr,4 Hr,2 Hr,4 Hr,2 Hr,4 Hr,2 Hr,Yes,59968,"{""coordinates"": [-123.094999438706, 49.267264417144254], ""type"": ""Point""}",Strathcona,TH1844,"49.267264417144254, -123.094999438706"
Pay Station,$2.00,$1.00,$2.00,$1.00,$2.00,$1.00,$1.00,METER IN EFFECT: 9:00 AM TO 10:00 PM,26 Hrs,26 Hrs,26 Hrs,26 Hrs,26 Hrs,26 Hrs,26 Hrs,Yes,59840,"{""coordinates"": [-123.10762901814007, 49.265686999415365], ""type"": ""Point""}",Mount Pleasant,B60115,"49.265686999415365, -123.10762901814007"
Pay Station,$2.00,$1.00,$2.00,$1.00,$2.00,$1.00,$1.00,METER IN EFFECT: 9:00 AM TO 10:00 PM,26 Hrs,26 Hrs,26 Hrs,26 Hrs,26 Hrs,26 Hrs,26 Hrs,Yes,50788,"{""coordinates"": [-123.10870093719355, 49.2655929855372], ""type"": ""Point""}",Mount Pleasant,B60130,"49.2655929855372, -123.10870093719355"
Pay Station,$2.00,$1.00,$2.00,$1.00,$2.00,$1.00,$1.00,METER IN EFFECT: 9:00 AM TO 10:00 PM,26 Hrs,26 Hrs,26 Hrs,26 Hrs,26 Hrs,26 Hrs,26 Hrs,Yes,50802,"{""coordinates"": [-123.10992002829143, 49.26573098798393], ""type"": ""Point""}",Mount Pleasant,B60207,"49.26573098798393, -123.10992002829143"
Pay Station,$2.00,$1.00,$2.00,$1.00,$2.00,$1.00,$1.00,METER IN EFFECT: 9:00 AM TO 10:00 PM,26 Hrs,26 Hrs,26 Hrs,26 Hrs,26 Hrs,26 Hrs,26 Hrs,Yes,50799,"{""coordinates"": [-123.10983798468766, 49.26561403841655], ""type"": ""Point""}",Mount Pleasant,B60206,"49.26561403841655, -123.10983798468766"
Pay Station,$2.00,$1.00,$2.00,$1.00,$2.00,$1.00,$0.50,METER IN EFFECT: 9:00 AM TO 10:00 PM,26 Hrs,26 Hrs,26 Hrs,26 Hrs,26 Hrs,26 Hrs,26 Hrs,Yes,50036,"{""coordinates"": [-123.10293795347506, 49.26610001596944], ""type"": ""Point""}",Mount Pleasant,742107,"49.26610001596944, -123.10293795347506"
Single,$2.00,$1.00,$2.00,$1.00,$2.00,$1.00,$0.50,METER IN EFFECT: 9:00 AM TO 10:00 PM,2 Hr,4 Hr,2 Hr,4 Hr,2 Hr,4 Hr,2 Hr,Yes,53291,"{""coordinates"": [-123.1047210405429, 49.26508204567186], ""type"": ""Point""}",Mount Pleasant,752214,"49.26508204567186, -123.1047210405429"
Twin / Disability,$4.00,$1.00,$4.00,$1.00,$4.00,$1.00,$2.00,METER IN EFFECT: 9:00 AM TO 10:00 PM,3 Hr,4 Hr,3 Hr,4 Hr,3 Hr,4 Hr,3 Hr,No,50463,"{""coordinates"": [-123.12051972484957, 49.26239292025677], ""type"": ""Point""}",Fairview,D00707,"49.26239292025677, -123.12051972484957"
Twin / Disability,$4.00,$1.00,$4.00,$1.00,$4.00,$1.00,$2.00,METER IN EFFECT: 9:00 AM TO 10:00 PM,3 Hr,4 Hr,3 Hr,4 Hr,3 Hr,4 Hr,3 Hr,No,50462,"{""coordinates"": [-123.12028251485086, 49.262388346015285], ""type"": ""Point""}",Fairview,D00703,"49.262388346015285, -123.12028251485086"
Pay Station,$3.00,$2.00,$3.00,$2.00,$3.00,$2.00,$1.50,METER IN EFFECT: 9:00 AM TO 10:00 PM,2 Hr,4 Hr,2 Hr,4 Hr,2 Hr,4 Hr,2 Hr,Yes,59986,"{""coordinates"": [-123.10599273935546, 49.27062373689215], ""type"": ""Point""}",Mount Pleasant,NA1620,"49.27062373689215, -123.10599273935546"
Pay Station,$2.00,$1.00,$2.00,$1.00,$2.00,$1.00,$1.00,METER IN EFFECT: 9:00 AM TO 10:00 PM,2 Hr,4 Hr,2 Hr,4 Hr,2 Hr,4 Hr,13 Hrs,Yes,57932,"{""coordinates"": [-123.10720211355672, 49.26646453678499], ""type"": ""Point""}",Mount Pleasant,B50106,"49.26646453678499, -123.10720211355672"
Pay Station,$2.00,$1.00,$2.00,$1.00,$2.00,$1.00,$1.00,METER IN EFFECT: 9:00 AM TO 10:00 PM,26 Hrs,26 Hrs,26 Hrs,26 Hrs,26 Hrs,26 Hrs,26 Hrs,Yes,59841,"{""coordinates"": [-123.10552996867274, 49.26563893131103], ""type"": ""Point""}",Mount Pleasant,B60007,"49.26563893131103, -123.10552996867274"
Single / Disability,$1.00,$1.00,$1.00,$1.00,$1.00,$1.00,$0.50,METER IN EFFECT: 9:00 AM TO 10:00 PM,2 Hr,4 Hr,2 Hr,4 Hr,2 Hr,4 Hr,2 Hr,No,67102,"{""coordinates"": [-123.1019701513948, 49.28128216428912], ""type"": ""Point""}",Downtown,070102,"49.28128216428912, -123.1019701513948"
Single / Disability,$4.00,$1.00,$4.00,$1.00,$4.00,$1.00,$2.00,METER IN EFFECT: 9:00 AM TO 10:00 PM,3 Hr,4 Hr,3 Hr,4 Hr,3 Hr,4 Hr,3 Hr,No,50296,"{""coordinates"": [-123.12105913584926, 49.26239966944245], ""type"": ""Point""}",Fairview,D00715,"49.26239966944245, -123.12105913584926"
Pay Station,$1.00,$1.00,$1.00,$1.00,$1.00,$1.00,$0.50,METER IN EFFECT: 9:00 AM TO 10:00 PM,2 Hr,4 Hr,2 Hr,4 Hr,2 Hr,4 Hr,13 Hrs,Yes,59820,"{""coordinates"": [-123.05524948777207, 49.281058917093794], ""type"": ""Point""}",Hastings-Sunrise,072436,"49.281058917093794, -123.05524948777207"
Pay Station,$1.00,$1.00,$1.00,$1.00,$1.00,$1.00,$0.50,METER IN EFFECT: 9:00 AM TO 10:00 PM,2 Hr,4 Hr,2 Hr,4 Hr,2 Hr,4 Hr,13 Hrs,Yes,59817,"{""coordinates"": [-123.05588078115453, 49.28122952188568], ""type"": ""Point""}",Hastings-Sunrise,072413,"49.28122952188568, -123.05588078115453"
Pay Station,$11.00,$4.00,$11.00,$4.00,$11.00,$4.00,$5.00,METER IN EFFECT: 9:00 AM TO 10:00 PM,2 Hr,4 Hr,2 Hr,4 Hr,2 Hr,4 Hr,13 Hrs,Yes,66602,"{""coordinates"": [-123.1205470474078, 49.28591208469209], ""type"": ""Point""}",Downtown,101024,"49.28591208469209, -123.1205470474078"
Pay Station,$1.00,$1.00,$1.00,$1.00,$1.00,$1.00,$0.50,METER IN EFFECT: 9:00 AM TO 10:00 PM,2 Hr,4 Hr,2 Hr,4 Hr,2 Hr,4 Hr,2 Hr,Yes,59830,"{""coordinates"": [-123.10282167910016, 49.271264721368624], ""type"": ""Point""}",Mount Pleasant,SW0030,"49.271264721368624, -123.10282167910016"
Pay Station,$8.00,$3.00,$8.00,$3.00,$8.00,$3.00,$5.00,METER IN EFFECT: 9:00 AM TO 10:00 PM,2 Hr,4 Hr,2 Hr,4 Hr,2 Hr,4 Hr,2 Hr,Yes,67090,"{""coordinates"": [-123.11974118720718, 49.285188001626345], ""type"": ""Point""}",Downtown,640610,"49.285188001626345, -123.11974118720718"
Pay Station,$3.00,$2.00,$3.00,$2.00,$3.00,$2.00,$1.50,METER IN EFFECT: 9:00 AM TO 10:00 PM,2 Hr,4 Hr,2 Hr,4 Hr,2 Hr,4 Hr,13 Hrs,Yes,67829,"{""coordinates"": [-123.09532946280544, 49.284530675302484], ""type"": ""Point""}",Strathcona,490007,"49.284530675302484, -123.09532946280544"
Pay Station,$2.00,$1.00,$2.00,$1.00,$2.00,$1.00,$1.00,METER IN EFFECT: 9:00 AM TO 10:00 PM,26 Hrs,26 Hrs,26 Hrs,26 Hrs,26 Hrs,26 Hrs,26 Hrs,Yes,57943,"{""coordinates"": [-123.10935306535855, 49.26599202703574], ""type"": ""Point""}",Mount Pleasant,522112,"49.26599202703574, -123.10935306535855"
Pay Station,$2.00,$1.00,$2.00,$1.00,$2.00,$1.00,$1.00,METER IN EFFECT: 9:00 AM TO 10:00 PM,26 Hrs,26 Hrs,26 Hrs,26 Hrs,26 Hrs,26 Hrs,26 Hrs,Yes,50329,"{""coordinates"": [-123.10957193643472, 49.265267975699096], ""type"": ""Point""}",Mount Pleasant,522209,"49.265267975699096, -123.10957193643472"
Single Motorbike,$1.00,$1.00,$1.00,$1.00,$1.00,$1.00,$1.00,METER IN EFFECT: 9:00 AM TO 10:00 PM,,,,,,,13 Hrs,No,66242,"{""coordinates"": [-123.11623605597866, 49.273129653084865], ""type"": ""Point""}",Downtown,341098,"49.273129653084865, -123.11623605597866"
Twin,$4.00,$6.00,$4.00,$6.00,$4.00,$6.00,$2.50,METER IN EFFECT: 9:00 AM TO 10:00 PM,2 Hr,4 Hr,2 Hr,4 Hr,2 Hr,4 Hr,2 Hr,No,51835,"{""coordinates"": [-123.14851969463632, 49.267984267237665], ""type"": ""Point""}",Kitsilano,B41906,"49.267984267237665, -123.14851969463632"
Twin,$4.00,$6.00,$4.00,$6.00,$4.00,$6.00,$2.50,METER IN EFFECT: 9:00 AM TO 10:00 PM,2 Hr,4 Hr,2 Hr,4 Hr,2 Hr,4 Hr,2 Hr,No,51863,"{""coordinates"": [-123.14851969463632, 49.267984267237665], ""type"": ""Point""}",Kitsilano,B41908,"49.267984267237665, -123.14851969463632"
Twin,$4.00,$6.00,$4.00,$6.00,$4.00,$6.00,$2.50,METER IN EFFECT: 9:00 AM TO 10:00 PM,2 Hr,4 Hr,2 Hr,4 Hr,2 Hr,4 Hr,2 Hr,No,51891,"{""coordinates"": [-123.14870310468439, 49.26798403133629], ""type"": ""Point""}",Kitsilano,B41910,"49.26798403133629, -123.14870310468439"
Twin,$4.00,$6.00,$4.00,$6.00,$4.00,$6.00,$2.50,METER IN EFFECT: 9:00 AM TO 10:00 PM,2 Hr,4 Hr,2 Hr,4 Hr,2 Hr,4 Hr,2 Hr,No,51947,"{""coordinates"": [-123.14870310468439, 49.26798403133629], ""type"": ""Point""}",Kitsilano,B41912,"49.26798403133629, -123.14870310468439"
Single,$4.00,$6.00,$4.00,$6.00,$4.00,$6.00,$2.50,METER IN EFFECT: 9:00 AM TO 10:00 PM,2 Hr,4 Hr,2 Hr,4 Hr,2 Hr,4 Hr,2 Hr,No,51975,"{""coordinates"": [-123.14972802507465, 49.26799864722475], ""type"": ""Point""}",Kitsilano,B41934,"49.26799864722475, -123.14972802507465"
Twin,$6.00,$1.00,$6.00,$1.00,$6.00,$1.00,$2.50,METER IN EFFECT: 9:00 AM TO 10:00 PM,2 Hr,4 Hr,2 Hr,4 Hr,2 Hr,4 Hr,2 Hr,No,51892,"{""coordinates"": [-123.15220419459345, 49.26803657396291], ""type"": ""Point""}",Kitsilano,B42038,"49.26803657396291, -123.15220419459345"
Twin,$6.00,$1.00,$6.00,$1.00,$6.00,$1.00,$2.50,METER IN EFFECT: 9:00 AM TO 10:00 PM,2 Hr,4 Hr,2 Hr,4 Hr,2 Hr,4 Hr,2 Hr,No,57120,"{""coordinates"": [-123.15331413560989, 49.268228746216], ""type"": ""Point""}",Kitsilano,B42105,"49.268228746216, -123.15331413560989"
Twin,$6.00,$1.00,$6.00,$1.00,$6.00,$1.00,$2.50,METER IN EFFECT: 9:00 AM TO 10:00 PM,2 Hr,4 Hr,2 Hr,4 Hr,2 Hr,4 Hr,2 Hr,No,57139,"{""coordinates"": [-123.15346257707436, 49.26822854915425], ""type"": ""Point""}",Kitsilano,B42111,"49.26822854915425, -123.15346257707436"
Twin,$4.00,$2.00,$4.00,$2.00,$4.00,$2.00,$2.00,METER IN EFFECT: 9:00 AM TO 10:00 PM,2 Hr,4 Hr,2 Hr,4 Hr,2 Hr,4 Hr,2 Hr,No,51948,"{""coordinates"": [-123.15712762757498, 49.26811793855317], ""type"": ""Point""}",Kitsilano,B42240,"49.26811793855317, -123.15712762757498"
Twin,$1.00,$1.00,$1.00,$1.00,$1.00,$1.00,$1.00,METER IN EFFECT: 9:00 AM TO 10:00 PM,3 Hr,4 Hr,3 Hr,4 Hr,3 Hr,4 Hr,3 Hr,No,57137,"{""coordinates"": [-123.15812316212609, 49.26829953383929], ""type"": ""Point""}",Kitsilano,B42311,"49.26829953383929, -123.15812316212609"
Twin Bay Single,$5.00,$1.00,$5.00,$1.00,$5.00,$1.00,$3.50,METER IN EFFECT: 9:00 AM TO 10:00 PM,2 Hr,4 Hr,2 Hr,4 Hr,2 Hr,4 Hr,13 Hrs,Yes,66215,"{""coordinates"": [-123.12268810851592, 49.280858761227115], ""type"": ""Point""}",Downtown,620903,"49.280858761227115, -123.12268810851592"
Twin Bay Single,$1.00,$1.00,$1.00,$1.00,$1.00,$1.00,$0.50,METER IN EFFECT: 9:00 AM TO 10:00 PM,2 Hr,4 Hr,2 Hr,4 Hr,2 Hr,4 Hr,2 Hr,Yes,56343,"{""coordinates"": [-123.10123490958115, 49.253750348644665], ""type"": ""Point""}",Riley Park,C90129,"49.253750348644665, -123.10123490958115"
Twin Bay Single,$1.00,$1.00,$1.00,$1.00,$1.00,$1.00,$0.50,METER IN EFFECT: 9:00 AM TO 10:00 PM,2 Hr,4 Hr,2 Hr,4 Hr,2 Hr,4 Hr,2 Hr,Yes,56259,"{""coordinates"": [-123.10130614479729, 49.25456154715636], ""type"": ""Point""}",Riley Park,C80134,"49.25456154715636, -123.10130614479729"
Twin Bay Single,$1.00,$1.00,$1.00,$1.00,$1.00,$1.00,$0.50,METER IN EFFECT: 9:00 AM TO 10:00 PM,other,4 Hr,2 Hr,4 Hr,2 Hr,4 Hr,13 Hrs,Yes,56740,"{""coordinates"": [-123.09940181111651, 49.26257833235021], ""type"": ""Point""}",Mount Pleasant,990112,"49.26257833235021, -123.09940181111651"
Twin Bay Single,$1.00,$1.00,$1.00,$1.00,$1.00,$1.00,$0.50,METER IN EFFECT: 9:00 AM TO 10:00 PM,2 Hr,4 Hr,2 Hr,4 Hr,2 Hr,4 Hr,2 Hr,Yes,56462,"{""coordinates"": [-123.10047145951387, 49.25382867981897], ""type"": ""Point""}",Riley Park,C90206,"49.25382867981897, -123.10047145951387"
Twin Bay Single,$1.00,$1.00,$1.00,$1.00,$1.00,$1.00,$0.50,METER IN EFFECT: 9:00 AM TO 10:00 PM,2 Hr,4 Hr,2 Hr,4 Hr,2 Hr,4 Hr,2 Hr,Yes,56704,"{""coordinates"": [-123.10047145951387, 49.25382867981897], ""type"": ""Point""}",Riley Park,C90208,"49.25382867981897, -123.10047145951387"
Twin Bay Single,$1.00,$1.00,$1.00,$1.00,$1.00,$1.00,$0.50,METER IN EFFECT: 9:00 AM TO 10:00 PM,2 Hr,4 Hr,2 Hr,4 Hr,2 Hr,4 Hr,2 Hr,Yes,56873,"{""coordinates"": [-123.1003059058471, 49.25382625103618], ""type"": ""Point""}",Riley Park,C90210,"49.25382625103618, -123.1003059058471"
Twin Bay Single,$1.00,$1.00,$1.00,$1.00,$1.00,$1.00,$0.50,METER IN EFFECT: 9:00 AM TO 10:00 PM,2 Hr,4 Hr,2 Hr,4 Hr,2 Hr,4 Hr,2 Hr,Yes,56269,"{""coordinates"": [-123.1003059058471, 49.25382625103618], ""type"": ""Point""}",Riley Park,C90212,"49.25382625103618, -123.1003059058471"
Twin Bay Single,$2.00,$1.00,$2.00,$1.00,$2.00,$1.00,$1.00,METER IN EFFECT: 9:00 AM TO 10:00 PM,2 Hr,4 Hr,2 Hr,4 Hr,2 Hr,4 Hr,2 Hr,Yes,50205,"{""coordinates"": [-123.10624899382894, 49.26555604720457], ""type"": ""Point""}",Mount Pleasant,B60020,"49.26555604720457, -123.10624899382894"
Twin Bay Single,$2.00,$1.00,$2.00,$1.00,$2.00,$1.00,$1.00,METER IN EFFECT: 9:00 AM TO 10:00 PM,2 Hr,4 Hr,2 Hr,4 Hr,2 Hr,4 Hr,2 Hr,Yes,56258,"{""coordinates"": [-123.10624899382894, 49.26555604720457], ""type"": ""Point""}",Mount Pleasant,B60022,"49.26555604720457, -123.10624899382894"
Twin Bay Single,$2.00,$1.00,$2.00,$1.00,$2.00,$1.00,$0.50,METER IN EFFECT: 9:00 AM TO 10:00 PM,2 Hr,2 Hr,2 Hr,2 Hr,2 Hr,2 Hr,2 Hr,Yes,52947,"{""coordinates"": [-123.10472593563588, 49.26499199924625], ""type"": ""Point""}",Mount Pleasant,752216,"49.26499199924625, -123.10472593563588"
Twin Bay Single,$2.00,$1.00,$2.00,$1.00,$2.00,$1.00,$0.50,METER IN EFFECT: 9:00 AM TO 10:00 PM,2 Hr,4 Hr,2 Hr,4 Hr,2 Hr,4 Hr,2 Hr,Yes,52948,"{""coordinates"": [-123.10472593563588, 49.26499199924625], ""type"": ""Point""}",Mount Pleasant,752218,"49.26499199924625, -123.10472593563588"
